{"accuracy": 0.36940836906433105, "loss": 1.7004276514053345, "val_accuracy": 0.46621620655059814, "val_loss": 1.6134604215621948, "_timestamp": 1717860232.582229, "_runtime": 80.24860382080078, "_step": 9, "_wandb": {"runtime": 79}}