{"accuracy": 0.4285714328289032, "loss": 1.6488146781921387, "val_accuracy": 0.37162160873413086, "val_loss": 1.697103500366211, "_timestamp": 1717860592.791023, "_runtime": 100.16346597671509, "_step": 9, "_wandb": {"runtime": 99}}