{"accuracy": 0.44155845046043396, "loss": 1.6612331867218018, "val_accuracy": 0.36486485600471497, "val_loss": 1.827073574066162, "_timestamp": 1717860770.428266, "_runtime": 76.67839312553406, "_step": 9, "_wandb": {"runtime": 75}}