{"accuracy": 0.44877344369888306, "loss": 1.5594946146011353, "val_accuracy": 0.5, "val_loss": 1.5052149295806885, "_timestamp": 1717860487.630086, "_runtime": 98.57794189453125, "_step": 9, "_wandb": {"runtime": 97}}