{"accuracy": 0.3160173296928406, "loss": 1.8795653581619263, "val_accuracy": 0.31081080436706543, "val_loss": 1.8809432983398438, "_timestamp": 1717860148.04791, "_runtime": 115.5936439037323, "_step": 9, "_wandb": {"runtime": 114}}