{"accuracy": 0.4372294247150421, "loss": 1.5420125722885132, "val_accuracy": 0.3986486494541168, "val_loss": 1.5708541870117188, "_timestamp": 1717860325.408096, "_runtime": 87.47939014434814, "_step": 9, "_wandb": {"runtime": 86}}