{"accuracy": 0.3405483365058899, "loss": 1.8127065896987915, "val_accuracy": 0.3175675570964813, "val_loss": 1.8438141345977783, "_timestamp": 1717860384.542481, "_runtime": 55.46396803855896, "_step": 9, "_wandb": {"runtime": 54}}