{"accuracy": 0.44011545181274414, "loss": 1.600127935409546, "val_accuracy": 0.3581081032752991, "val_loss": 1.7800220251083374, "_timestamp": 1717860688.366411, "_runtime": 90.13629007339478, "_step": 9, "_wandb": {"runtime": 89}}